snp,pvalues,beta
rs62117204,8.170581965193923e-45,-0.7475897211905032
rs4803750,2.2946285307384436e-34,-0.6799194390822328
rs1531517,2.256429280262392e-12,-0.4512589933638397
rs2519093,1.6402249669630793e-10,0.41773428752269515
rs507666,1.6402249669630793e-10,0.41773428752269515
rs531363575,2.3562007631095892e-08,-0.3547286723642722
rs651007,2.7309805392410755e-08,0.3567669777820053
rs579459,2.7309805392410755e-08,0.3567669777820053
rs495828,2.7309805392410755e-08,0.3567669777820053
